english,english
Afghanistan,Afghanistan
Albania,Albania
Algeria,Algeria
Angola,Angola
Argentina,Argentina
Armenia,Armenia
Australia,Australia
Austria,Austria
Azerbaijan,Azerbaijan
Bahamas,Bahamas
Bahrain,Bahrain
Bangladesh,Bangladesh
Barbados,Barbados
Belarus,Belarus
Belgium,Belgium
Belize,Belize
Benin,Benin
Bhutan,Bhutan
Bolivia,Bolivia
Bosnia and Herzegovina,Bosnia and Herzegovina
Botswana,Botswana
Brazil,Brazil
Bulgaria,Bulgaria
Burundi,Burundi
Cambodia,Cambodia
Cameroon,Cameroon
Canada,Canada
Central African Republic,Central African Republic
Chad,Chad
Chile,Chile
China,China
Colombia,Colombia
Comoros,Comoros
Congo,Congo
Costa Rica,Costa Rica
Croatia,Croatia
Cuba,Cuba
Cyprus,Cyprus
Czech Republic,Czech Republic
Democratic Republic of Congo,Democratic Republic of Congo
Denmark,Denmark
Ecuador,Ecuador
Egypt,Egypt
Eritrea,Eritrea
Estonia,Estonia
Ethiopia,Ethiopia
Fiji,Fiji
Finland,Finland
France,France
Gabon,Gabon
Gambia,Gambia
Georgia,Georgia
Germany,Germany
Ghana,Ghana
Greece,Greece
Grenada,Grenada
Guatemala,Guatemala
Guinea,Guinea
Guyana,Guyana
Haiti,Haiti
Honduras,Honduras
Hungary,Hungary
Iceland,Iceland
India,India
Indonesia,Indonesia
Iran,Iran
Iraq,Iraq
Ireland,Ireland
Israel,Israel
Italy,Italy
Jamaica,Jamaica
Japan,Japan
Jordan,Jordan
Kazakhstan,Kazakhstan
Kenya,Kenya
Kiribati,Kiribati
Kuwait,Kuwait
Kyrgyzstan,Kyrgyzstan
Laos,Laos
Latvia,Latvia
Lebanon,Lebanon
Lesotho,Lesotho
Liberia,Liberia
Libya,Libya
Lithuania,Lithuania
Luxembourg,Luxembourg
Macedonia,Macedonia
Madagascar,Madagascar
Malawi,Malawi
Malaysia,Malaysia
Maldives,Maldives
Mali,Mali
Malta,Malta
Mauritania,Mauritania
Mauritius,Mauritius
Mexico,Mexico
Moldova,Moldova
Mongolia,Mongolia
Montenegro,Montenegro
Morocco,Morocco
Mozambique,Mozambique
Myanmar,Myanmar
Namibia,Namibia
Nepal,Nepal
Netherlands,Netherlands
New Zealand,New Zealand
Nicaragua,Nicaragua
Niger,Niger
Nigeria,Nigeria
North Korea,North Korea
Norway,Norway
Oman,Oman
Pakistan,Pakistan
Palestine,Palestine
Panama,Panama
Paraguay,Paraguay
Peru,Peru
Philippines,Philippines
Poland,Poland
Portugal,Portugal
Puerto Rico,Puerto Rico
Qatar,Qatar
Romania,Romania
Russia,Russia
Rwanda,Rwanda
Samoa,Samoa
Saudi Arabia,Saudi Arabia
Senegal,Senegal
Serbia,Serbia
Seychelles,Seychelles
Singapore,Singapore
Slovakia,Slovakia
Slovenia,Slovenia
Somalia,Somalia
South Africa,South Africa
South Korea,South Korea
Spain,Spain
Sri Lanka,Sri Lanka
Sudan,Sudan
Suriname,Suriname
Swaziland,Swaziland
Sweden,Sweden
Switzerland,Switzerland
Syria,Syria
Taiwan,Taiwan
Tajikistan,Tajikistan
Tanzania,Tanzania
Thailand,Thailand
Togo,Togo
Tonga,Tonga
Tunisia,Tunisia
Turkey,Turkey
Turkmenistan,Turkmenistan
Uganda,Uganda
Ukraine,Ukraine
United Arab Emirates,United Arab Emirates
United Kingdom,United Kingdom
United States,United States
Uruguay,Uruguay
Uzbekistan,Uzbekistan
Vanuatu,Vanuatu
Venezuela,Venezuela
Vietnam,Vietnam
World,World
Yemen,Yemen
Zambia,Zambia
Zimbabwe,Zimbabwe
